year,asd_code,asd_type,asd_area_code,asd_subarea_code,taxon_code,flag_country_code,flag_country,landed_product_weight_tonne,estimated_green_weight_tonne
2000,41,Area,41,,TOP,ARG,Argentina,3260.06,5178.99
2000,41,Area,41,,TOP,CHL,Chile,1251.45,1841.77
2000,41,Area,41,,TOP,ESP,Spain,397.58,594.53
2000,41,Area,41,,TOP,GBR,United Kingdom,817.55,1197.54
2000,41,Area,41,,TOP,KOR,"Korea, Republic of",2211.77,2746.83
2000,41,Area,41,,TOP,PER,Peru,17.78,17.78
2000,41,Area,41,,TOP,URY,Uruguay,339,479.45
2000,47,Area,47,,TOP,CHL,Chile,242.52,336.49
2000,47,Area,47,,TOP,URY,Uruguay,227,287.3
2000,483,Subarea,48,483,TOP,CHL,Chile,1229.56,1793.2
2000,483,Subarea,48,483,TOP,ESP,Spain,260.46,407.36
2000,483,Subarea,48,483,TOP,GBR,United Kingdom,1053.2,1604.61
2000,483,Subarea,48,483,TOP,KOR,"Korea, Republic of",346.49,429.45
2000,483,Subarea,48,483,TOP,UKR,Ukraine,125.47,190.44
2000,483,Subarea,48,483,TOP,URY,Uruguay,651.59,874.51
2000,483,Subarea,48,483,TOP,ZAF,South Africa,274,340.43
2000,51,Area,51,,TOP,RUS,Russian Federation,576.86,576.86
2000,51,Area,51,,TOP,SYC,Seychelles,1088.27,1546.71
2000,51,Area,51,,TOP,URY,Uruguay,1275.27,1720.82
2000,57,Area,57,,TOP,GBR,United Kingdom,92.67,141.36
2000,57,Area,57,,TOP,KOR,"Korea, Republic of",214.16,271.61
2000,5843,Division,58,584,TOP,UKR,Ukraine,13.59,20.75
2000,5843,Division,58,584,TOP,URY,Uruguay,70.3,97.72
2000,5851,Division,58,585,TOP,FRA,France,3507.82,5807.24
2000,5852,Division,58,585,TOP,AUS,Australia,3179.38,3144.31
2000,586,Subarea,58,586,TOP,FRA,France,866.11,1355.17
2000,587,Subarea,58,587,TOP,ZAF,South Africa,831.91,1030.74
2000,81,Area,81,,TOP,AUS,Australia,12.2,14.39
2000,87,Area,87,,TOP,CHL,Chile,5180.52,6584.43
2000,87,Area,87,,TOP,PER,Peru,120.41,132.27
2000,881,Subarea,88,881,TOA,NZL,New Zealand,483.41,669.44
2000,881,Subarea,88,881,TOP,NZL,New Zealand,3.56,0.17
2001,41,Area,41,,TOA,ARG,Argentina,2.14,0
2001,41,Area,41,,TOP,ARG,Argentina,4158.76,6426.33
2001,41,Area,41,,TOP,CHL,Chile,611.06,918.17
2001,41,Area,41,,TOP,ESP,Spain,183.75,290.24
2001,41,Area,41,,TOP,GBR,United Kingdom,1293.09,1917.77
2001,41,Area,41,,TOP,KOR,"Korea, Republic of",1660.74,1824.79
2001,41,Area,41,,TOP,URY,Uruguay,219.03,334.56
2001,47,Area,47,,TOP,CHL,Chile,3.51,4.94
2001,47,Area,47,,TOP,UNK,Unknown,49.55,70.55
2001,47,Area,47,,TOP,ZAF,South Africa,82.45,96.17
2001,483,Subarea,48,483,TOP,CHL,Chile,437.99,632.88
2001,483,Subarea,48,483,TOP,ESP,Spain,526.76,761.18
2001,483,Subarea,48,483,TOP,GBR,United Kingdom,610.06,916.72
2001,483,Subarea,48,483,TOP,KOR,"Korea, Republic of",758.45,793.11
2001,483,Subarea,48,483,TOP,RUS,Russian Federation,121.37,198.68
2001,483,Subarea,48,483,TOP,UKR,Ukraine,108.06,169.26
2001,483,Subarea,48,483,TOP,URY,Uruguay,322.46,418.71
2001,483,Subarea,48,483,TOP,ZAF,South Africa,307.41,373.58
2001,51,Area,51,,TOP,KOR,"Korea, Republic of",287.55,387.94
2001,51,Area,51,,TOP,RUS,Russian Federation,2340.51,3552.63
2001,51,Area,51,,TOP,SYC,Seychelles,4069.07,6037.59
2001,51,Area,51,,TOP,UKR,Ukraine,15.46,24.04
2001,51,Area,51,,TOP,URY,Uruguay,4395.14,6301.46
2001,51,Area,51,,TOP,ZAF,South Africa,20.33,24.51
2001,57,Area,57,,TOP,KOR,"Korea, Republic of",918.63,1141.03
2001,57,Area,57,,TOP,SYC,Seychelles,247.64,348.68
2001,5843,Division,58,584,TOP,UKR,Ukraine,22.24,33.63
2001,5851,Division,58,585,TOP,FRA,France,3163.83,5243.32
2001,5852,Division,58,585,TOP,AUS,Australia,3091.91,3153.37
2001,586,Subarea,58,586,TOP,FRA,France,649.83,946.99
2001,587,Subarea,58,587,TOP,ZAF,South Africa,233.47,274.07
2001,81,Area,81,,TOP,AUS,Australia,27.53,25.98
2001,81,Area,81,,TOP,GBR,United Kingdom,0.5,0.85
2001,87,Area,87,,TOP,CHL,Chile,5359.46,6428.06
2001,87,Area,87,,TOP,PER,Peru,152.45,170.82
2001,881,Subarea,88,881,TOA,NZL,New Zealand,376.31,529.02
2001,881,Subarea,88,881,TOA,URY,Uruguay,12.36,16.93
2001,881,Subarea,88,881,TOA,ZAF,South Africa,13.27,22.55
2001,881,Subarea,88,881,TOP,NZL,New Zealand,20.1,27.28
2001,881,Subarea,88,881,TOP,ZAF,South Africa,5.93,3.1
2002,41,Area,41,,TOP,ARG,Argentina,5661.66,8686.89
2002,41,Area,41,,TOP,CHL,Chile,290.93,425.43
2002,41,Area,41,,TOP,ESP,Spain,123.73,205.68
2002,41,Area,41,,TOP,GBR,United Kingdom,864.64,1309.56
2002,41,Area,41,,TOP,KOR,"Korea, Republic of",1143.79,1225.71
2002,41,Area,41,,TOP,RUS,Russian Federation,96.95,152.75
2002,41,Area,41,,TOP,UKR,Ukraine,7.68,12.54
2002,41,Area,41,,TOP,URY,Uruguay,617.33,970.26
2002,47,Area,47,,TOP,CHL,Chile,135.33,189.94
2002,47,Area,47,,TOP,ESP,Spain,2.04,0
2002,47,Area,47,,TOP,URY,Uruguay,270.53,368.54
2002,483,Subarea,48,483,TOP,CHL,Chile,976.61,1408.72
2002,483,Subarea,48,483,TOP,ESP,Spain,575.18,843.74
2002,483,Subarea,48,483,TOP,GBR,United Kingdom,1178.39,1741.02
2002,483,Subarea,48,483,TOP,JPN,Japan,0.44,0.56
2002,483,Subarea,48,483,TOP,KOR,"Korea, Republic of",289.94,286.85
2002,483,Subarea,48,483,TOP,RUS,Russian Federation,203.56,303.06
2002,483,Subarea,48,483,TOP,URY,Uruguay,512.02,728.4
2002,483,Subarea,48,483,TOP,ZAF,South Africa,236.62,323.07
2002,51,Area,51,,TOP,RUS,Russian Federation,1327.15,2123.45
2002,51,Area,51,,TOP,SYC,Seychelles,2980.9,4356.2
2002,51,Area,51,,TOP,URY,Uruguay,1387.78,1918.27
2002,57,Area,57,,TOP,KOR,"Korea, Republic of",1363.22,1743.06
2002,57,Area,57,,TOP,RUS,Russian Federation,196.82,314.91
2002,57,Area,57,,TOP,URY,Uruguay,1026.71,1396.57
2002,5851,Division,58,585,TOP,FRA,France,2708.75,4380.65
2002,5852,Division,58,585,TOP,AUS,Australia,2847.1,2971.71
2002,586,Subarea,58,586,TOP,FRA,France,897.67,1411.21
2002,587,Subarea,58,587,TOP,ZAF,South Africa,190.67,234.64
2002,87,Area,87,,TOP,CHL,Chile,5214.25,5821.12
2002,87,Area,87,,TOP,PER,Peru,201.16,258.56
2002,881,Subarea,88,881,TOA,NZL,New Zealand,891.69,1230.86
2002,881,Subarea,88,881,TOP,NZL,New Zealand,7.57,10.59
2002,882,Subarea,88,882,TOA,NZL,New Zealand,27.01,39.23
2002,882,Subarea,88,882,TOP,NZL,New Zealand,0.05,0.08
2003,41,Area,41,,TOP,ARG,Argentina,3937.97,5665.12
2003,41,Area,41,,TOP,CHL,Chile,41.43,48.59
2003,41,Area,41,,TOP,ESP,Spain,364.96,463.32
2003,41,Area,41,,TOP,GBR,United Kingdom,836.47,1208.25
2003,41,Area,41,,TOP,KOR,"Korea, Republic of",725.51,735.96
2003,41,Area,41,,TOP,NZL,New Zealand,30.2,44.24
2003,41,Area,41,,TOP,RUS,Russian Federation,368.22,504.71
2003,41,Area,41,,TOP,URY,Uruguay,750.85,1104.13
2003,47,Area,47,,TOP,ANT,Netherlands Antilles,398.66,566.08
2003,47,Area,47,,TOP,CHL,Chile,180.4,251.78
2003,47,Area,47,,TOP,ESP,Spain,18.29,25.38
2003,47,Area,47,,TOP,JPN,Japan,37.68,44.67
2003,47,Area,47,,TOP,KOR,"Korea, Republic of",363.35,474.61
2003,47,Area,47,,TOP,URY,Uruguay,1850.17,2644.69
2003,483,Subarea,48,483,TOP,CHL,Chile,1856.76,2665.92
2003,483,Subarea,48,483,TOP,ESP,Spain,614.51,906.13
2003,483,Subarea,48,483,TOP,GBR,United Kingdom,1337.67,1957.22
2003,483,Subarea,48,483,TOP,JPN,Japan,178.86,250.47
2003,483,Subarea,48,483,TOP,KOR,"Korea, Republic of",108.17,116.19
2003,483,Subarea,48,483,TOP,NZL,New Zealand,248.69,356.23
2003,483,Subarea,48,483,TOP,RUS,Russian Federation,362.04,587.26
2003,483,Subarea,48,483,TOP,URY,Uruguay,267.26,378.56
2003,483,Subarea,48,483,TOP,ZAF,South Africa,263.27,368.6
2003,51,Area,51,,TOP,ESP,Spain,106.17,132.28
2003,51,Area,51,,TOP,RUS,Russian Federation,1083.62,1618.94
2003,51,Area,51,,TOP,SYC,Seychelles,316.55,449.17
2003,51,Area,51,,TOP,URY,Uruguay,1048.34,1481.69
2003,57,Area,57,,TOP,KOR,"Korea, Republic of",907.2,870.11
2003,5842,Division,58,584,TOP,AUS,Australia,98.57,113.43
2003,5851,Division,58,585,TOP,FRA,France,3901.7,6133.86
2003,5852,Division,58,585,TOP,AUS,Australia,2881.58,3044.72
2003,586,Subarea,58,586,TOP,FRA,France,342.06,534.26
2003,587,Subarea,58,587,TOP,ZAF,South Africa,257.31,322.66
2003,81,Area,81,,TOP,AUS,Australia,38.04,38.09
2003,81,Area,81,,TOP,NZL,New Zealand,2.44,3.55
2003,87,Area,87,,TOP,CHL,Chile,5150.97,5725.32
2003,87,Area,87,,TOP,PER,Peru,307.91,347.07
2003,881,Subarea,88,881,TOA,NZL,New Zealand,675.8,922.12
2003,881,Subarea,88,881,TOA,RUS,Russian Federation,239.03,326.47
2003,881,Subarea,88,881,TOA,ZAF,South Africa,126.67,169.49
2003,881,Subarea,88,881,TOP,NZL,New Zealand,13.95,21.89
2003,881,Subarea,88,881,TOP,RUS,Russian Federation,219.92,310.71
2003,881,Subarea,88,881,TOP,ZAF,South Africa,0.14,0.23
2003,882,Subarea,88,882,TOA,NZL,New Zealand,98.14,118.68
2004,41,Area,41,,TOP,ARG,Argentina,1445.28,2128.56
2004,41,Area,41,,TOP,CHL,Chile,62.34,77.44
2004,41,Area,41,,TOP,ESP,Spain,429.39,575.29
2004,41,Area,41,,TOP,GBR,United Kingdom,1117.39,1506.93
2004,41,Area,41,,TOP,KOR,"Korea, Republic of",1563.29,1669.06
2004,41,Area,41,,TOP,RUS,Russian Federation,109.18,134.05
2004,41,Area,41,,TOP,UKR,Ukraine,251.37,297.21
2004,41,Area,41,,TOP,URY,Uruguay,980.63,1393.03
2004,47,Area,47,,TOP,ESP,Spain,62.82,94.64
2004,47,Area,47,,TOP,JPN,Japan,47.77,56.98
2004,47,Area,47,,TOP,URY,Uruguay,358.12,424.36
2004,483,Subarea,48,483,TOP,CHL,Chile,1107.65,1546.17
2004,483,Subarea,48,483,TOP,ESP,Spain,428.86,615.66
2004,483,Subarea,48,483,TOP,GBR,United Kingdom,1055.68,1367.43
2004,483,Subarea,48,483,TOP,KOR,"Korea, Republic of",345.51,406.52
2004,483,Subarea,48,483,TOP,URY,Uruguay,249.94,346.79
2004,483,Subarea,48,483,TOP,ZAF,South Africa,158.33,227.08
2004,486,Subarea,48,486,TOP,JPN,Japan,5.4,6.44
2004,51,Area,51,,TOP,AUS,Australia,0,0
2004,51,Area,51,,TOP,ESP,Spain,1.45,1.34
2004,51,Area,51,,TOP,JPN,Japan,57.87,68.18
2004,51,Area,51,,TOP,URY,Uruguay,70.97,91.2
2004,57,Area,57,,TOP,UKR,Ukraine,13.46,18.13
2004,5842,Division,58,584,TOP,AUS,Australia,23.25,28.89
2004,5843,Division,58,584,TOP,AUS,Australia,0,0
2004,5851,Division,58,585,TOP,FRA,France,3662.01,5721.59
2004,5852,Division,58,585,TOP,AUS,Australia,2562.24,2715.42
2004,586,Subarea,58,586,TOP,FRA,France,388.84,604.57
2004,587,Subarea,58,587,TOP,ZAF,South Africa,185.5,209.57
2004,81,Area,81,,TOP,AUS,Australia,362.79,355.54
2004,81,Area,81,,TOP,NZL,New Zealand,2.23,3.05
2004,87,Area,87,,TOP,CHL,Chile,4357.58,4994.47
2004,87,Area,87,,TOP,PER,Peru,311.78,392.46
2004,881,Subarea,88,881,TOA,ARG,Argentina,106.35,165.63
2004,881,Subarea,88,881,TOA,ESP,Spain,102.04,133.94
2004,881,Subarea,88,881,TOA,GBR,United Kingdom,13.49,15.26
2004,881,Subarea,88,881,TOA,KOR,"Korea, Republic of",91.34,97.45
2004,881,Subarea,88,881,TOA,NOR,Norway,69.26,93.67
2004,881,Subarea,88,881,TOA,NZL,New Zealand,549.43,768.73
2004,881,Subarea,88,881,TOA,RUS,Russian Federation,189.71,270.81
2004,881,Subarea,88,881,TOA,UKR,Ukraine,104.85,151.28
2004,881,Subarea,88,881,TOA,URY,Uruguay,61.96,64.86
2004,881,Subarea,88,881,TOA,USA,United States of America,138.04,185.82
2004,881,Subarea,88,881,TOA,ZAF,South Africa,90.25,117.15
2004,881,Subarea,88,881,TOP,NZL,New Zealand,0.36,0.57
2004,881,Subarea,88,881,TOP,UKR,Ukraine,8.58,10.46
2004,881,Subarea,88,881,TOP,URY,Uruguay,98.3,148.87
2004,882,Subarea,88,882,TOA,NZL,New Zealand,296.82,350.29
2004,882,Subarea,88,882,TOP,NZL,New Zealand,0.02,0.03
2005,41,Area,41,,TOP,ARG,Argentina,667.35,1053.88
2005,41,Area,41,,TOP,CHL,Chile,127.21,172.62
2005,41,Area,41,,TOP,ESP,Spain,71.51,92.93
2005,41,Area,41,,TOP,GBR,United Kingdom,1018.76,1488.87
2005,41,Area,41,,TOP,KOR,"Korea, Republic of",557.51,658.68
2005,41,Area,41,,TOP,UKR,Ukraine,363.41,484.39
2005,41,Area,41,,TOP,URY,Uruguay,571.1,825.87
2005,47,Area,47,,TOP,JPN,Japan,187.68,222.49
2005,483,Subarea,48,483,TOP,CHL,Chile,508.36,679.62
2005,483,Subarea,48,483,TOP,ESP,Spain,229.96,365.67
2005,483,Subarea,48,483,TOP,GBR,United Kingdom,1101.77,1565.81
2005,483,Subarea,48,483,TOP,ZAF,South Africa,203.33,291.39
2005,486,Subarea,48,486,TOA,KOR,"Korea, Republic of",5.55,9.43
2005,486,Subarea,48,486,TOP,JPN,Japan,39.72,45.81
2005,51,Area,51,,TOP,FRA,France,5.2,8.18
2005,51,Area,51,,TOP,JPN,Japan,28.44,33.26
2005,51,Area,51,,TOP,ZAF,South Africa,1.54,2.21
2005,5841,Division,58,584,TOA,ESP,Spain,118.26,159
2005,5841,Division,58,584,TOA,KOR,"Korea, Republic of",161.6,199.3
2005,5841,Division,58,584,TOA,NZL,New Zealand,12.68,20.28
2005,5841,Division,58,584,TOP,CHL,Chile,113.17,155.65
2005,5841,Division,58,584,TOP,ESP,Spain,0.17,0.28
2005,5841,Division,58,584,TOP,NZL,New Zealand,0.19,0.3
2005,5842,Division,58,584,TOA,ESP,Spain,6,8.5
2005,5842,Division,58,584,TOA,KOR,"Korea, Republic of",62.53,106.31
2005,5842,Division,58,584,TOA,NZL,New Zealand,26.61,37.27
2005,5842,Division,58,584,TOP,CHL,Chile,19.45,26.75
2005,5842,Division,58,584,TOP,NZL,New Zealand,0.33,0.52
2005,5843,Division,58,584,TOA,ESP,Spain,178.35,242.42
2005,5843,Division,58,584,TOA,KOR,"Korea, Republic of",12.16,13.22
2005,5843,Division,58,584,TOP,AUS,Australia,0.84,1.34
2005,5843,Division,58,584,TOP,CHL,Chile,30.77,42.31
2005,5843,Division,58,584,TOP,ESP,Spain,77.03,105.59
2005,5843,Division,58,584,TOP,KOR,"Korea, Republic of",7.39,12.56
2005,5851,Division,58,585,TOP,FRA,France,3653.59,5838.34
2005,5852,Division,58,585,TOP,AUS,Australia,1951.5,2032.65
2005,586,Subarea,58,586,TOP,FRA,France,388.05,621.06
2005,587,Subarea,58,587,TOA,ZAF,South Africa,4.03,0
2005,587,Subarea,58,587,TOP,ZAF,South Africa,221.09,279.69
2005,81,Area,81,,TOP,AUS,Australia,53.74,54.22
2005,87,Area,87,,TOP,CHL,Chile,5202.63,5734.4
2005,87,Area,87,,TOP,PER,Peru,158.47,231.57
2005,881,Subarea,88,881,TOA,ARG,Argentina,160.22,247.51
2005,881,Subarea,88,881,TOA,NOR,Norway,132.06,224.51
2005,881,Subarea,88,881,TOA,NZL,New Zealand,1228.93,1824.49
2005,881,Subarea,88,881,TOA,RUS,Russian Federation,338.15,480.96
2005,881,Subarea,88,881,TOA,URY,Uruguay,98.79,135.64
2005,881,Subarea,88,881,TOP,NZL,New Zealand,0.66,1.06
2005,881,Subarea,88,881,TOP,RUS,Russian Federation,3.14,4.91
2005,881,Subarea,88,881,TOP,URY,Uruguay,155.44,230.27
2005,882,Subarea,88,882,TOA,GBR,United Kingdom,197.75,265.55
2005,882,Subarea,88,882,TOA,NOR,Norway,21.73,7.27
2005,882,Subarea,88,882,TOA,NZL,New Zealand,189.83,259.73
2005,882,Subarea,88,882,TOA,RUS,Russian Federation,102.78,145.03
2006,41,Area,41,,TOA,GBR,United Kingdom,1.1,1.88
2006,41,Area,41,,TOP,ARG,Argentina,765.51,1149.54
2006,41,Area,41,,TOP,CHL,Chile,131.13,168.41
2006,41,Area,41,,TOP,ESP,Spain,47.86,73.02
2006,41,Area,41,,TOP,GBR,United Kingdom,1018.59,1448.91
2006,41,Area,41,,TOP,KOR,"Korea, Republic of",1605.79,1801.21
2006,41,Area,41,,TOP,UKR,Ukraine,275.79,356.56
2006,41,Area,41,,TOP,URY,Uruguay,303.66,446.1
2006,47,Area,47,,TOA,JPN,Japan,0.03,0.05
2006,47,Area,47,,TOP,JPN,Japan,116.37,137.68
2006,47,Area,47,,TOP,URY,Uruguay,10.48,13.99
2006,483,Subarea,48,483,TOA,NZL,New Zealand,0.21,0.36
2006,483,Subarea,48,483,TOP,CHL,Chile,314.41,424.76
2006,483,Subarea,48,483,TOP,ESP,Spain,234.53,365.08
2006,483,Subarea,48,483,TOP,GBR,United Kingdom,1060.47,1492.95
2006,483,Subarea,48,483,TOP,KOR,"Korea, Republic of",213.68,216.1
2006,483,Subarea,48,483,TOP,NZL,New Zealand,260.71,378.23
2006,483,Subarea,48,483,TOP,URY,Uruguay,166.59,235.35
2006,483,Subarea,48,483,TOP,ZAF,South Africa,204.21,292.13
2006,486,Subarea,48,486,TOA,JPN,Japan,10.72,12.83
2006,486,Subarea,48,486,TOP,JPN,Japan,31.18,37.3
2006,51,Area,51,,TOP,FRA,France,0.64,1.01
2006,5841,Division,58,584,TOA,ESP,Spain,199.88,276.76
2006,5841,Division,58,584,TOA,KOR,"Korea, Republic of",146.45,126.49
2006,5841,Division,58,584,TOA,URY,Uruguay,1.76,2.46
2006,5841,Division,58,584,TOP,CHL,Chile,41.6,56.64
2006,5842,Division,58,584,TOA,ESP,Spain,6.52,8.83
2006,5842,Division,58,584,TOA,KOR,"Korea, Republic of",90.99,154.69
2006,5842,Division,58,584,TOP,CHL,Chile,24.13,32.79
2006,5842,Division,58,584,TOP,ESP,Spain,0.01,0.02
2006,5843,Division,58,584,TOA,ESP,Spain,281.66,381.2
2006,5843,Division,58,584,TOA,URY,Uruguay,33.18,46.85
2006,5843,Division,58,584,TOP,CHL,Chile,2.18,2.79
2006,5843,Division,58,584,TOP,ESP,Spain,75.11,99.88
2006,5851,Division,58,585,TOP,FRA,France,3605.94,5745.68
2006,5852,Division,58,585,TOP,AUS,Australia,2172.94,2434.19
2006,586,Subarea,58,586,TOP,FRA,France,556.25,881.26
2006,587,Subarea,58,587,TOP,ZAF,South Africa,142.68,172.79
2006,81,Area,81,,TOP,AUS,Australia,404.07,406.9
2006,87,Area,87,,TOP,CHL,Chile,3604.82,3985.65
2006,87,Area,87,,TOP,PER,Peru,192.73,325.8
2006,881,Subarea,88,881,TOA,ARG,Argentina,124.73,212.04
2006,881,Subarea,88,881,TOA,GBR,United Kingdom,214.27,298.6
2006,881,Subarea,88,881,TOA,NOR,Norway,64.41,100.51
2006,881,Subarea,88,881,TOA,NZL,New Zealand,909.27,1294.49
2006,881,Subarea,88,881,TOA,RUS,Russian Federation,497.66,742.91
2006,881,Subarea,88,881,TOA,URY,Uruguay,76.02,108.45
2006,881,Subarea,88,881,TOP,NZL,New Zealand,0.73,1.16
2006,881,Subarea,88,881,TOP,URY,Uruguay,193.08,291.2
2006,882,Subarea,88,882,TOA,ARG,Argentina,13.47,0
2006,882,Subarea,88,882,TOA,GBR,United Kingdom,64.08,89.78
2006,882,Subarea,88,882,TOA,NOR,Norway,158.81,223.91
2006,882,Subarea,88,882,TOA,NZL,New Zealand,32.12,51.39
2006,882,Subarea,88,882,TOA,RUS,Russian Federation,20.66,31.11
2007,41,Area,41,,TOP,ARG,Argentina,1538.3,2295.5
2007,41,Area,41,,TOP,CHL,Chile,126.63,143.5
2007,41,Area,41,,TOP,ESP,Spain,11.93,18.66
2007,41,Area,41,,TOP,GBR,United Kingdom,903.06,1196.38
2007,41,Area,41,,TOP,KOR,"Korea, Republic of",1422.9,1472.36
2007,41,Area,41,,TOP,UKR,Ukraine,291.74,382.5
2007,41,Area,41,,TOP,URY,Uruguay,763.98,1039.24
2007,47,Area,47,,TOA,ESP,Spain,8.5,13.05
2007,47,Area,47,,TOA,KOR,"Korea, Republic of",2.29,2.71
2007,47,Area,47,,TOP,JPN,Japan,134.85,169.3
2007,47,Area,47,,TOP,KOR,"Korea, Republic of",305.34,326.99
2007,483,Subarea,48,483,TOA,URY,Uruguay,53.7,91.29
2007,483,Subarea,48,483,TOP,CHL,Chile,240.9,335.49
2007,483,Subarea,48,483,TOP,ESP,Spain,247.23,368.05
2007,483,Subarea,48,483,TOP,GBR,United Kingdom,1152.43,1626.25
2007,483,Subarea,48,483,TOP,KOR,"Korea, Republic of",205.96,204.63
2007,483,Subarea,48,483,TOP,NZL,New Zealand,262.24,388.97
2007,483,Subarea,48,483,TOP,URY,Uruguay,103.55,139.67
2007,483,Subarea,48,483,TOP,ZAF,South Africa,236,338.66
2007,484,Subarea,48,484,TOA,NZL,New Zealand,0.09,0.14
2007,484,Subarea,48,484,TOP,GBR,United Kingdom,4.23,6.05
2007,484,Subarea,48,484,TOP,NZL,New Zealand,31.97,47.34
2007,486,Subarea,48,486,TOA,JPN,Japan,17.69,20.6
2007,486,Subarea,48,486,TOA,KOR,"Korea, Republic of",5.59,6.2
2007,486,Subarea,48,486,TOA,NOR,Norway,5.17,7.88
2007,486,Subarea,48,486,TOP,JPN,Japan,62.73,75.4
2007,51,Area,51,,TOP,FRA,France,0.36,0.49
2007,51,Area,51,,TOP,JPN,Japan,3.52,4.22
2007,51,Area,51,,TOP,ZAF,South Africa,21.37,31.31
2007,5841,Division,58,584,TOA,ESP,Spain,161.54,229.9
2007,5841,Division,58,584,TOA,KOR,"Korea, Republic of",239.4,276.38
2007,5841,Division,58,584,TOA,NAM,Namibia,12.2,17.34
2007,5841,Division,58,584,TOA,URY,Uruguay,143.92,184.51
2007,5842,Division,58,584,TOA,KOR,"Korea, Republic of",51.53,58.91
2007,5842,Division,58,584,TOA,NAM,Namibia,52.08,75.59
2007,5842,Division,58,584,TOP,NAM,Namibia,0.06,0.1
2007,5843,Division,58,584,TOA,ESP,Spain,84.67,119.81
2007,5843,Division,58,584,TOA,JPN,Japan,55.91,68.3
2007,5843,Division,58,584,TOA,NAM,Namibia,20.99,22.84
2007,5843,Division,58,584,TOA,URY,Uruguay,42.74,58.27
2007,5843,Division,58,584,TOP,ESP,Spain,2.24,3.81
2007,5843,Division,58,584,TOP,JPN,Japan,30.03,36.23
2007,5843,Division,58,584,TOP,NAM,Namibia,2.96,5.03
2007,5851,Division,58,585,TOP,FRA,France,3648.72,5778.98
2007,5852,Division,58,585,TOP,AUS,Australia,2180.63,2337.59
2007,586,Subarea,58,586,TOP,FRA,France,281.67,443.49
2007,587,Subarea,58,587,TOP,ZAF,South Africa,176.59,211.07
2007,81,Area,81,,TOP,AUS,Australia,284.49,298.98
2007,87,Area,87,,TOP,CHL,Chile,4379.35,4898.12
2007,87,Area,87,,TOP,PER,Peru,139.12,217.9
2007,881,Subarea,88,881,TOA,ARG,Argentina,141.24,217.12
2007,881,Subarea,88,881,TOA,GBR,United Kingdom,298.74,407.49
2007,881,Subarea,88,881,TOA,KOR,"Korea, Republic of",245.2,270.9
2007,881,Subarea,88,881,TOA,NOR,Norway,111.8,170.23
2007,881,Subarea,88,881,TOA,NZL,New Zealand,795,1130.6
2007,881,Subarea,88,881,TOA,RUS,Russian Federation,249.41,390.41
2007,881,Subarea,88,881,TOA,URY,Uruguay,163.15,239.88
2007,881,Subarea,88,881,TOA,ZAF,South Africa,37.47,53.84
2007,881,Subarea,88,881,TOP,NZL,New Zealand,0.73,1.17
2007,882,Subarea,88,882,TOA,GBR,United Kingdom,22.6,30.75
2007,882,Subarea,88,882,TOA,NOR,Norway,82.05,124.13
2007,882,Subarea,88,882,TOA,RUS,Russian Federation,90.69,132.66
2007,882,Subarea,88,882,TOA,URY,Uruguay,6.09,9.35
2008,41,Area,41,,TOP,ARG,Argentina,1162.85,1751.25
2008,41,Area,41,,TOP,CHL,Chile,355.68,444.05
2008,41,Area,41,,TOP,ESP,Spain,82.14,126.59
2008,41,Area,41,,TOP,GBR,United Kingdom,1151.12,1503.49
2008,41,Area,41,,TOP,KOR,"Korea, Republic of",1584.43,1690.41
2008,41,Area,41,,TOP,UKR,Ukraine,548.91,745.56
2008,41,Area,41,,TOP,URY,Uruguay,584.2,834.58
2008,47,Area,47,,TOP,CHL,Chile,8.98,13.22
2008,47,Area,47,,TOP,JPN,Japan,90.19,109.58
2008,47,Area,47,,TOP,KOR,"Korea, Republic of",75.74,77.51
2008,483,Subarea,48,483,TOP,CHL,Chile,264.55,369.28
2008,483,Subarea,48,483,TOP,ESP,Spain,583.81,816.49
2008,483,Subarea,48,483,TOP,GBR,United Kingdom,1105.26,1517.72
2008,483,Subarea,48,483,TOP,KOR,"Korea, Republic of",48.92,51.85
2008,483,Subarea,48,483,TOP,NZL,New Zealand,211.32,336.24
2008,483,Subarea,48,483,TOP,URY,Uruguay,167.77,246.41
2008,483,Subarea,48,483,TOP,ZAF,South Africa,231.56,305.5
2008,484,Subarea,48,484,TOA,NZL,New Zealand,0.09,0.15
2008,484,Subarea,48,484,TOP,GBR,United Kingdom,33.54,46.27
2008,484,Subarea,48,484,TOP,NZL,New Zealand,33.88,49.9
2008,51,Area,51,,TOP,ESP,Spain,1.95,2.87
2008,51,Area,51,,TOP,FRA,France,10.53,17.25
2008,51,Area,51,,TOP,JPN,Japan,36.58,43.1
2008,51,Area,51,,TOP,URY,Uruguay,101.55,146.05
2008,51,Area,51,,TOP,ZAF,South Africa,16.48,21.89
2008,5841,Division,58,584,TOA,ESP,Spain,58.57,68.36
2008,5841,Division,58,584,TOA,KOR,"Korea, Republic of",268.03,299.1
2008,5841,Division,58,584,TOA,NAM,Namibia,39.03,56.34
2008,5841,Division,58,584,TOA,URY,Uruguay,7.58,10.81
2008,5842,Division,58,584,TOA,KOR,"Korea, Republic of",80.16,89.49
2008,5842,Division,58,584,TOA,NAM,Namibia,98.18,142.63
2008,5843,Division,58,584,TOA,AUS,Australia,1.38,2.21
2008,5843,Division,58,584,TOA,JPN,Japan,52.07,65.03
2008,5843,Division,58,584,TOA,NAM,Namibia,12.58,19.03
2008,5843,Division,58,584,TOA,URY,Uruguay,3.65,5.33
2008,5843,Division,58,584,TOP,AUS,Australia,0.25,0.39
2008,5843,Division,58,584,TOP,JPN,Japan,30.01,36.53
2008,5843,Division,58,584,TOP,NAM,Namibia,0.25,0.43
2008,5843,Division,58,584,TOP,URY,Uruguay,7.48,10.95
2008,5844,Division,58,584,TOA,JPN,Japan,0.03,0.05
2008,5844,Division,58,584,TOP,JPN,Japan,64.31,76.1
2008,5851,Division,58,585,TOP,FRA,France,3531.33,5598.99
2008,5852,Division,58,585,TOP,AUS,Australia,2071.27,2366.88
2008,586,Subarea,58,586,TOP,FRA,France,598.05,942.29
2008,587,Subarea,58,587,TOP,ZAF,South Africa,87.5,114.16
2008,81,Area,81,,TOP,AUS,Australia,333.73,378.22
2008,87,Area,87,,TOP,CHL,Chile,3941.59,4491.75
2008,87,Area,87,,TOP,PER,Peru,99.93,110.34
2008,881,Subarea,88,881,TOA,ESP,Spain,40.32,47.07
2008,881,Subarea,88,881,TOA,GBR,United Kingdom,430.6,620.31
2008,881,Subarea,88,881,TOA,KOR,"Korea, Republic of",304.43,263.87
2008,881,Subarea,88,881,TOA,NZL,New Zealand,510.67,716.71
2008,881,Subarea,88,881,TOA,RUS,Russian Federation,184.71,286.01
2008,881,Subarea,88,881,TOA,URY,Uruguay,41.98,59.19
2008,881,Subarea,88,881,TOA,ZAF,South Africa,81.96,115.43
2008,881,Subarea,88,881,TOP,NZL,New Zealand,0.44,0.7
2008,881,Subarea,88,881,TOP,RUS,Russian Federation,0.55,0.84
2008,881,Subarea,88,881,TOP,ZAF,South Africa,0.09,0.14
2008,882,Subarea,88,882,TOA,GBR,United Kingdom,24.25,35.46
2008,882,Subarea,88,882,TOA,NZL,New Zealand,222.38,319.52
2008,882,Subarea,88,882,TOA,RUS,Russian Federation,18.98,29.36
2008,882,Subarea,88,882,TOA,URY,Uruguay,7.44,11.08
2008,882,Subarea,88,882,TOP,RUS,Russian Federation,4.81,7.4
2009,41,Area,41,,TOA,ARG,Argentina,0.27,0
2009,41,Area,41,,TOP,ARG,Argentina,1858.08,2768.24
2009,41,Area,41,,TOP,CHL,Chile,130.54,170.03
2009,41,Area,41,,TOP,ESP,Spain,65.19,102.72
2009,41,Area,41,,TOP,GBR,United Kingdom,987.86,1439.21
2009,41,Area,41,,TOP,KOR,"Korea, Republic of",1590.48,1683.4
2009,41,Area,41,,TOP,UKR,Ukraine,305.08,432.98
2009,41,Area,41,,TOP,URY,Uruguay,475.09,690.77
2009,47,Area,47,,TOP,JPN,Japan,73.51,94.82
2009,47,Area,47,,TOP,KOR,"Korea, Republic of",65.27,67.48
2009,483,Subarea,48,483,TOP,CHL,Chile,265.04,355.2
2009,483,Subarea,48,483,TOP,ESP,Spain,537.69,791.74
2009,483,Subarea,48,483,TOP,GBR,United Kingdom,1050.61,1463.08
2009,483,Subarea,48,483,TOP,NZL,New Zealand,241.35,380.14
2009,483,Subarea,48,483,TOP,URY,Uruguay,102.42,154
2009,483,Subarea,48,483,TOP,ZAF,South Africa,104.6,148.52
2009,484,Subarea,48,484,TOA,GBR,United Kingdom,21.54,31.21
2009,484,Subarea,48,484,TOA,NZL,New Zealand,18.14,27.89
2009,484,Subarea,48,484,TOP,GBR,United Kingdom,18.08,26.09
2009,484,Subarea,48,484,TOP,NZL,New Zealand,31.38,48.69
2009,486,Subarea,48,486,TOA,JPN,Japan,81.28,99.93
2009,486,Subarea,48,486,TOA,KOR,"Korea, Republic of",169.06,195.49
2009,486,Subarea,48,486,TOP,JPN,Japan,24.96,30.62
2009,51,Area,51,,TOP,FRA,France,3.59,5.64
2009,51,Area,51,,TOP,JPN,Japan,7.4,10.08
2009,51,Area,51,,TOP,KOR,"Korea, Republic of",27.82,47.29
2009,51,Area,51,,TOP,URY,Uruguay,33.27,48.6
2009,5841,Division,58,584,TOA,KOR,"Korea, Republic of",162.23,189.4
2009,5841,Division,58,584,TOA,TGO,Togo,242.69,353.98
2009,5841,Division,58,584,TOA,URY,Uruguay,36.77,55.97
2009,5842,Division,58,584,TOA,JPN,Japan,15.03,19.27
2009,5842,Division,58,584,TOA,KOR,"Korea, Republic of",43.6,50.2
2009,5843,Division,58,584,TOA,AUS,Australia,0.3,0.51
2009,5843,Division,58,584,TOA,JPN,Japan,19.41,23.96
2009,5843,Division,58,584,TOA,URY,Uruguay,42.34,64.42
2009,5843,Division,58,584,TOP,JPN,Japan,33.72,46.99
2009,5843,Division,58,584,TOP,URY,Uruguay,0.02,0.03
2009,5851,Division,58,585,TOP,FRA,France,3741.33,5892.8
2009,5852,Division,58,585,TOP,AUS,Australia,2059.46,2306.04
2009,586,Subarea,58,586,TOP,FRA,France,625.99,985.88
2009,587,Subarea,58,587,TOP,ZAF,South Africa,0.74,1.05
2009,81,Area,81,,TOP,AUS,Australia,432.89,487.17
2009,81,Area,81,,TOP,NZL,New Zealand,11.38,16.11
2009,87,Area,87,,TOP,CHL,Chile,4213.16,4795.12
2009,87,Area,87,,TOP,PER,Peru,140.67,155.85
2009,881,Subarea,88,881,TOA,ESP,Spain,259.51,377.6
2009,881,Subarea,88,881,TOA,GBR,United Kingdom,352.52,512.8
2009,881,Subarea,88,881,TOA,KOR,"Korea, Republic of",662.17,709.51
2009,881,Subarea,88,881,TOA,NZL,New Zealand,519.95,736.12
2009,881,Subarea,88,881,TOA,URY,Uruguay,35.5,52.77
2009,881,Subarea,88,881,TOP,CHL,Chile,65.04,93.19
2009,881,Subarea,88,881,TOP,KOR,"Korea, Republic of",10.84,18.43
2009,881,Subarea,88,881,TOP,NZL,New Zealand,0.15,0.23
2009,882,Subarea,88,882,TOA,ESP,Spain,8.45,12.34
2009,882,Subarea,88,882,TOA,GBR,United Kingdom,136.85,196.81
2009,882,Subarea,88,882,TOA,KOR,"Korea, Republic of",15.01,15.79
2009,882,Subarea,88,882,TOA,NZL,New Zealand,61.45,87.4
2009,882,Subarea,88,882,TOA,URY,Uruguay,27.32,40.45
2009,882,Subarea,88,882,TOA,ZAF,South Africa,79.45,118.94
2009,882,Subarea,88,882,TOP,CHL,Chile,1.14,1.63
2010,41,Area,41,,TOA,ESP,Spain,6.62,11.25
2010,41,Area,41,,TOP,ARG,Argentina,1586.06,2421.1
2010,41,Area,41,,TOP,CHL,Chile,231.31,269.66
2010,41,Area,41,,TOP,ESP,Spain,208.53,351.91
2010,41,Area,41,,TOP,GBR,United Kingdom,699.51,1035.65
2010,41,Area,41,,TOP,KOR,"Korea, Republic of",1369.3,1518.82
2010,41,Area,41,,TOP,RUS,Russian Federation,99.66,107.92
2010,41,Area,41,,TOP,UKR,Ukraine,189.09,228.98
2010,41,Area,41,,TOP,URY,Uruguay,399.02,526.33
2010,47,Area,47,,TOP,ESP,Spain,21.87,26.55
2010,47,Area,47,,TOP,JPN,Japan,9.22,13.3
2010,483,Subarea,48,483,TOP,CHL,Chile,248.08,331.64
2010,483,Subarea,48,483,TOP,ESP,Spain,428.37,635.45
2010,483,Subarea,48,483,TOP,GBR,United Kingdom,633.59,855.93
2010,483,Subarea,48,483,TOP,NZL,New Zealand,223.38,354.8
2010,483,Subarea,48,483,TOP,URY,Uruguay,109.89,138.36
2010,483,Subarea,48,483,TOP,ZAF,South Africa,124.9,175.21
2010,484,Subarea,48,484,TOA,GBR,United Kingdom,17.23,24.02
2010,484,Subarea,48,484,TOA,NZL,New Zealand,18.42,28.87
2010,484,Subarea,48,484,TOP,GBR,United Kingdom,19.84,28.09
2010,484,Subarea,48,484,TOP,NZL,New Zealand,18.64,29.4
2010,486,Subarea,48,486,TOA,JPN,Japan,57.53,84.17
2010,486,Subarea,48,486,TOA,KOR,"Korea, Republic of",150.92,171.5
2010,486,Subarea,48,486,TOP,KOR,"Korea, Republic of",44.33,45.34
2010,51,Area,51,,TOP,FRA,France,10.12,15.66
2010,51,Area,51,,TOP,JPN,Japan,15.78,18.16
2010,51,Area,51,,TOP,KOR,"Korea, Republic of",127.58,130.13
2010,51,Area,51,,TOP,ZAF,South Africa,67.92,95.16
2010,5841,Division,58,584,TOA,JPN,Japan,54.19,80.44
2010,5841,Division,58,584,TOA,KOR,"Korea, Republic of",104.1,116.76
2010,5841,Division,58,584,TOP,JPN,Japan,1.29,2.03
2010,5842,Division,58,584,TOA,KOR,"Korea, Republic of",83.95,102.44
2010,5843,Division,58,584,TOA,JPN,Japan,7.65,11.3
2010,5843,Division,58,584,TOP,JPN,Japan,1.05,1.63
2010,5844,Division,58,584,TOP,JPN,Japan,47.82,54.2
2010,5851,Division,58,585,TOP,FRA,France,3723.62,5751.04
2010,5852,Division,58,585,TOP,AUS,Australia,2026.06,2141.49
2010,586,Subarea,58,586,TOP,AUS,Australia,8.74,0
2010,586,Subarea,58,586,TOP,FRA,France,477.79,743.07
2010,587,Subarea,58,587,TOP,ZAF,South Africa,133.44,186.87
2010,81,Area,81,,TOP,AUS,Australia,184.72,276.13
2010,87,Area,87,,TOP,CHL,Chile,4428,5128.97
2010,87,Area,87,,TOP,PER,Peru,101.4,111.79
2010,881,Subarea,88,881,TOA,ARG,Argentina,20.78,29.26
2010,881,Subarea,88,881,TOA,ESP,Spain,224.54,309.77
2010,881,Subarea,88,881,TOA,GBR,United Kingdom,135.2,200.35
2010,881,Subarea,88,881,TOA,KOR,"Korea, Republic of",980.73,1157.45
2010,881,Subarea,88,881,TOA,NZL,New Zealand,873.61,1313.29
2010,881,Subarea,88,881,TOP,NZL,New Zealand,0.28,0.44
2010,882,Subarea,88,882,TOA,ARG,Argentina,5.04,7.42
2010,882,Subarea,88,882,TOA,ESP,Spain,36.72,43.84
2010,882,Subarea,88,882,TOA,GBR,United Kingdom,172.33,252.7
2010,882,Subarea,88,882,TOA,KOR,"Korea, Republic of",5.9,7.15
2011,41,Area,41,,TOP,ARG,Argentina,1980.05,3030.06
2011,41,Area,41,,TOP,CHL,Chile,71.02,89.19
2011,41,Area,41,,TOP,ESP,Spain,206.47,333.4
2011,41,Area,41,,TOP,GBR,United Kingdom,881.08,1308.65
2011,41,Area,41,,TOP,KOR,"Korea, Republic of",2228.31,2329.27
2011,41,Area,41,,TOP,RUS,Russian Federation,122.52,149.65
2011,41,Area,41,,TOP,UKR,Ukraine,389.4,449.81
2011,41,Area,41,,TOP,URY,Uruguay,288.83,395.9
2011,47,Area,47,,TOP,JPN,Japan,155.51,202.43
2011,47,Area,47,,TOP,ZAF,South Africa,22.44,31.75
2011,483,Subarea,48,483,TOP,CHL,Chile,196.83,256.17
2011,483,Subarea,48,483,TOP,GBR,United Kingdom,776.37,1104.88
2011,483,Subarea,48,483,TOP,NZL,New Zealand,265.39,419.77
2011,483,Subarea,48,483,TOP,URY,Uruguay,10.5,14.24
2011,484,Subarea,48,484,TOA,GBR,United Kingdom,6.3,8.91
2011,484,Subarea,48,484,TOA,NZL,New Zealand,2.87,4.53
2011,484,Subarea,48,484,TOP,GBR,United Kingdom,14.38,20.28
2011,484,Subarea,48,484,TOP,NZL,New Zealand,12.79,20.19
2011,486,Subarea,48,486,TOA,JPN,Japan,191.14,261.46
2011,486,Subarea,48,486,TOA,KOR,"Korea, Republic of",138.71,174.79
2011,486,Subarea,48,486,TOA,ZAF,South Africa,4.23,6.07
2011,486,Subarea,48,486,TOP,JPN,Japan,8.45,9.85
2011,486,Subarea,48,486,TOP,KOR,"Korea, Republic of",12.97,14.98
2011,486,Subarea,48,486,TOP,ZAF,South Africa,16.04,22.93
2011,51,Area,51,,TOP,FRA,France,18.74,29.38
2011,51,Area,51,,TOP,KOR,"Korea, Republic of",372.88,384.82
2011,51,Area,51,,TOP,ZAF,South Africa,80.84,112.25
2011,5841,Division,58,584,TOA,ESP,Spain,45.81,74.91
2011,5841,Division,58,584,TOA,KOR,"Korea, Republic of",103.56,158.92
2011,5842,Division,58,584,TOA,KOR,"Korea, Republic of",93.83,159.5
2011,5843,Division,58,584,TOA,JPN,Japan,5.91,6.97
2011,5843,Division,58,584,TOP,JPN,Japan,4.67,5.44
2011,5844,Division,58,584,TOP,JPN,Japan,27.3,30.51
2011,5851,Division,58,585,TOP,FRA,France,3858.57,5843.33
2011,5852,Division,58,585,TOP,AUS,Australia,2106.84,2094.03
2011,586,Subarea,58,586,TOP,FRA,France,519.79,792.79
2011,587,Subarea,58,587,TOP,ZAF,South Africa,115.63,160.12
2011,81,Area,81,,TOP,AUS,Australia,235.63,357.33
2011,81,Area,81,,TOP,NZL,New Zealand,36.52,54.98
2011,87,Area,87,,TOP,CHL,Chile,3591.34,4033.82
2011,87,Area,87,,TOP,PER,Peru,93.09,102.39
2011,881,Subarea,88,881,TOA,ESP,Spain,292.14,428.54
2011,881,Subarea,88,881,TOA,GBR,United Kingdom,354.09,523.09
2011,881,Subarea,88,881,TOA,KOR,"Korea, Republic of",662.8,740.32
2011,881,Subarea,88,881,TOA,NZL,New Zealand,604.38,925.4
2011,881,Subarea,88,881,TOA,RUS,Russian Federation,269.41,312.36
2011,881,Subarea,88,881,TOP,KOR,"Korea, Republic of",0.7,1.19
2011,881,Subarea,88,881,TOP,NZL,New Zealand,0.22,0.36
2011,881,Subarea,88,881,TOP,RUS,Russian Federation,0.06,0.09
2011,882,Subarea,88,882,TOA,GBR,United Kingdom,80.7,117.3
2011,882,Subarea,88,882,TOA,KOR,"Korea, Republic of",78.74,84.53
2011,882,Subarea,88,882,TOA,NZL,New Zealand,169,252.89
2011,882,Subarea,88,882,TOA,RUS,Russian Federation,108.85,121.46
2011,883,Subarea,88,883,TOA,RUS,Russian Federation,4.42,5.27
2012,41,Area,41,,TOP,ARG,Argentina,2290.42,3477.31
2012,41,Area,41,,TOP,ESP,Spain,92.13,156.62
2012,41,Area,41,,TOP,GBR,United Kingdom,820.4,1219.13
2012,41,Area,41,,TOP,KOR,"Korea, Republic of",2188.26,2381.33
2012,41,Area,41,,TOP,UKR,Ukraine,244.16,306.56
2012,41,Area,41,,TOP,URY,Uruguay,158.32,223.61
2012,47,Area,47,,TOP,JPN,Japan,69.04,79.3
2012,47,Area,47,,TOP,ZAF,South Africa,32.9,46.31
2012,483,Subarea,48,483,TOP,CHL,Chile,200.65,251.89
2012,483,Subarea,48,483,TOP,ESP,Spain,148.43,230.58
2012,483,Subarea,48,483,TOP,GBR,United Kingdom,719.19,968.96
2012,483,Subarea,48,483,TOP,NZL,New Zealand,242.08,382.83
2012,484,Subarea,48,484,TOA,GBR,United Kingdom,10.37,14.42
2012,484,Subarea,48,484,TOA,NZL,New Zealand,3.52,5.72
2012,484,Subarea,48,484,TOP,GBR,United Kingdom,17.36,24.2
2012,484,Subarea,48,484,TOP,NZL,New Zealand,22.93,36.09
2012,486,Subarea,48,486,TOA,JPN,Japan,156.44,225.5
2012,486,Subarea,48,486,TOA,ZAF,South Africa,91.9,134.13
2012,486,Subarea,48,486,TOP,JPN,Japan,0.66,0.97
2012,486,Subarea,48,486,TOP,ZAF,South Africa,3.15,4.61
2012,51,Area,51,,TOP,FRA,France,12.68,20.04
2012,51,Area,51,,TOP,KOR,"Korea, Republic of",233.27,227.97
2012,51,Area,51,,TOP,ZAF,South Africa,148.8,202.05
2012,5841,Division,58,584,TOA,KOR,"Korea, Republic of",152.88,190.49
2012,5842,Division,58,584,TOA,KOR,"Korea, Republic of",37,48.71
2012,5842,Division,58,584,TOA,ZAF,South Africa,9.9,14.86
2012,5843,Division,58,584,TOA,FRA,France,0.06,0.11
2012,5843,Division,58,584,TOA,JPN,Japan,2.39,2.83
2012,5843,Division,58,584,TOP,FRA,France,30.14,39.86
2012,5843,Division,58,584,TOP,JPN,Japan,4.28,4.93
2012,5844,Division,58,584,TOP,JPN,Japan,22.75,25.71
2012,5851,Division,58,585,TOP,FRA,France,3554.26,5430.46
2012,5852,Division,58,585,TOP,AUS,Australia,2240.24,2723.3
2012,586,Subarea,58,586,TOP,FRA,France,403.88,621.51
2012,587,Subarea,58,587,TOP,ZAF,South Africa,113.8,152.95
2012,81,Area,81,,TOP,AUS,Australia,231.08,349.45
2012,81,Area,81,,TOP,CHL,Chile,1.85,1.85
2012,81,Area,81,,TOP,NZL,New Zealand,16.98,26.15
2012,87,Area,87,,TOA,CHL,Chile,0.89,0
2012,87,Area,87,,TOP,CHL,Chile,4758.15,5358.81
2012,87,Area,87,,TOP,PER,Peru,107.12,118.22
2012,881,Subarea,88,881,TOA,ESP,Spain,364.91,566.05
2012,881,Subarea,88,881,TOA,GBR,United Kingdom,215.84,305.89
2012,881,Subarea,88,881,TOA,KOR,"Korea, Republic of",559.97,771.61
2012,881,Subarea,88,881,TOA,NOR,Norway,118.12,180.45
2012,881,Subarea,88,881,TOA,NZL,New Zealand,564.58,856.01
2012,881,Subarea,88,881,TOA,RUS,Russian Federation,358.77,438.04
2012,881,Subarea,88,881,TOP,KOR,"Korea, Republic of",0.34,0.58
2012,881,Subarea,88,881,TOP,NZL,New Zealand,1.36,2.18
2012,882,Subarea,88,882,TOA,GBR,United Kingdom,128.36,194.18
2012,882,Subarea,88,882,TOA,KOR,"Korea, Republic of",15.9,27.03
2012,882,Subarea,88,882,TOA,NZL,New Zealand,105.3,166.55
2012,882,Subarea,88,882,TOA,RUS,Russian Federation,28.21,41
2012,883,Subarea,88,883,TOA,RUS,Russian Federation,2.65,3.85
2013,41,Area,41,,TOP,ARG,Argentina,2446.67,3649.69
2013,41,Area,41,,TOP,CHL,Chile,93.15,104.59
2013,41,Area,41,,TOP,ESP,Spain,71.98,121.72
2013,41,Area,41,,TOP,GBR,United Kingdom,879.83,1294.72
2013,41,Area,41,,TOP,KOR,"Korea, Republic of",1614.01,1772.24
2013,41,Area,41,,TOP,RUS,Russian Federation,60.62,63.41
2013,41,Area,41,,TOP,UKR,Ukraine,292.4,391.26
2013,41,Area,41,,TOP,URY,Uruguay,186.89,231.1
2013,47,Area,47,,TOP,JPN,Japan,49.88,59.74
2013,483,Subarea,48,483,TOP,CHL,Chile,270.7,306.75
2013,483,Subarea,48,483,TOP,GBR,United Kingdom,828.95,1153.85
2013,483,Subarea,48,483,TOP,NZL,New Zealand,405.3,648.19
2013,484,Subarea,48,484,TOA,GBR,United Kingdom,8.6,13.22
2013,484,Subarea,48,484,TOA,NZL,New Zealand,15.4,24.1
2013,484,Subarea,48,484,TOP,GBR,United Kingdom,28.68,42.01
2013,484,Subarea,48,484,TOP,NZL,New Zealand,22.32,35.36
2013,485,Subarea,48,485,TOA,RUS,Russian Federation,51.54,52.04
2013,486,Subarea,48,486,TOA,JPN,Japan,91.52,133.92
2013,486,Subarea,48,486,TOA,ZAF,South Africa,62.56,90.31
2013,486,Subarea,48,486,TOP,JPN,Japan,1.7,2.5
2013,486,Subarea,48,486,TOP,ZAF,South Africa,3.87,5.71
2013,51,Area,51,,TOP,FRA,France,13.61,21.03
2013,51,Area,51,,TOP,JPN,Japan,3.14,4.66
2013,51,Area,51,,TOP,KOR,"Korea, Republic of",213.05,231.49
2013,51,Area,51,,TOP,ZAF,South Africa,51.96,66.58
2013,5841,Division,58,584,TOA,ESP,Spain,28.31,39.32
2013,5841,Division,58,584,TOA,KOR,"Korea, Republic of",2.72,3.09
2013,5841,Division,58,584,TOP,ESP,Spain,0.09,0.16
2013,5842,Division,58,584,TOA,JPN,Japan,2.43,3.65
2013,5843,Division,58,584,TOP,FRA,France,5.41,7.15
2013,5843,Division,58,584,TOP,JPN,Japan,6.35,9.32
2013,5844,Division,58,584,TOP,JPN,Japan,20.22,29.74
2013,5851,Division,58,585,TOP,FRA,France,4005.54,6098.05
2013,5852,Division,58,585,TOP,AUS,Australia,1905.4,2781.5
2013,586,Subarea,58,586,TOP,FRA,France,697.47,1074.52
2013,587,Subarea,58,587,TOP,ZAF,South Africa,175.19,220.93
2013,81,Area,81,,TOP,AUS,Australia,299.78,418.43
2013,81,Area,81,,TOP,CHL,Chile,2.06,2.06
2013,81,Area,81,,TOP,NZL,New Zealand,0.57,0.92
2013,87,Area,87,,TOP,CHL,Chile,3518.7,4069.99
2013,87,Area,87,,TOP,PER,Peru,167.63,188.35
2013,881,Subarea,88,881,TOA,ESP,Spain,248.19,370.6
2013,881,Subarea,88,881,TOA,GBR,United Kingdom,289.72,434.23
2013,881,Subarea,88,881,TOA,KOR,"Korea, Republic of",1174.31,1367.43
2013,881,Subarea,88,881,TOA,NOR,Norway,158.39,235.22
2013,881,Subarea,88,881,TOA,NZL,New Zealand,370.92,553.37
2013,881,Subarea,88,881,TOA,RUS,Russian Federation,232.51,264.3
2013,881,Subarea,88,881,TOA,UKR,Ukraine,47.58,61.71
2013,881,Subarea,88,881,TOP,NZL,New Zealand,0.18,0.28
2013,882,Subarea,88,882,TOA,GBR,United Kingdom,8.71,13.08
2013,882,Subarea,88,882,TOA,KOR,"Korea, Republic of",24.88,26.67
2013,882,Subarea,88,882,TOA,NOR,Norway,5.39,7.92
2013,882,Subarea,88,882,TOA,NZL,New Zealand,248.84,380.66
2013,882,Subarea,88,882,TOA,RUS,Russian Federation,47.28,64.24
2013,882,Subarea,88,882,TOA,UKR,Ukraine,3.4,2.98
2014,41,Area,41,,TOP,ARG,Argentina,3313.49,4772.23
2014,41,Area,41,,TOP,CHL,Chile,496.82,661.99
2014,41,Area,41,,TOP,ESP,Spain,20.59,34.36
2014,41,Area,41,,TOP,GBR,United Kingdom,560.17,841.84
2014,41,Area,41,,TOP,KOR,"Korea, Republic of",2103.9,2289.46
2014,41,Area,41,,TOP,RUS,Russian Federation,59.97,91.28
2014,41,Area,41,,TOP,UKR,Ukraine,185.08,237.47
2014,41,Area,41,,TOP,URY,Uruguay,136.5,186.31
2014,47,Area,47,,TOP,JPN,Japan,17.9,25.51
2014,483,Subarea,48,483,TOP,CHL,Chile,280.2,345.42
2014,483,Subarea,48,483,TOP,GBR,United Kingdom,931.16,1303.72
2014,483,Subarea,48,483,TOP,NZL,New Zealand,278.66,440.98
2014,483,Subarea,48,483,TOP,URY,Uruguay,85.93,107.84
2014,484,Subarea,48,484,TOA,GBR,United Kingdom,7.44,10.56
2014,484,Subarea,48,484,TOA,NZL,New Zealand,7.61,11.87
2014,484,Subarea,48,484,TOP,GBR,United Kingdom,15.74,22.49
2014,484,Subarea,48,484,TOP,NZL,New Zealand,15.68,24.67
2014,485,Subarea,48,485,TOA,RUS,Russian Federation,150.52,236.04
2014,486,Subarea,48,486,TOA,JPN,Japan,114.14,164.86
2014,486,Subarea,48,486,TOA,ZAF,South Africa,7.75,8.98
2014,486,Subarea,48,486,TOP,JPN,Japan,9.91,14.24
2014,486,Subarea,48,486,TOP,ZAF,South Africa,0.64,0.97
2014,51,Area,51,,TOP,FRA,France,9.67,15.26
2014,51,Area,51,,TOP,ZAF,South Africa,76.1,97.88
2014,5841,Division,58,584,TOA,ESP,Spain,68.11,102.23
2014,5841,Division,58,584,TOP,ESP,Spain,0.41,0.69
2014,5843,Division,58,584,TOA,JPN,Japan,0.02,0.04
2014,5843,Division,58,584,TOP,FRA,France,13.72,17.74
2014,5843,Division,58,584,TOP,JPN,Japan,10.49,15.18
2014,5844,Division,58,584,TOP,JPN,Japan,17.5,25.31
2014,5851,Division,58,585,TOP,FRA,France,3898.4,5953.49
2014,5852,Division,58,585,TOP,AUS,Australia,1992.22,3152.97
2014,586,Subarea,58,586,TOP,FRA,France,601.98,897.44
2014,587,Subarea,58,587,TOA,ZAF,South Africa,0.08,0.14
2014,587,Subarea,58,587,TOP,ZAF,South Africa,217.13,274.63
2014,81,Area,81,,TOP,AUS,Australia,224.34,326.39
2014,81,Area,81,,TOP,NZL,New Zealand,68.96,98.01
2014,87,Area,87,,TOP,CHL,Chile,2715.3,3151.25
2014,87,Area,87,,TOP,PER,Peru,142.11,157.88
2014,881,Subarea,88,881,TOA,ESP,Spain,179.54,298.87
2014,881,Subarea,88,881,TOA,GBR,United Kingdom,288.22,425.36
2014,881,Subarea,88,881,TOA,KOR,"Korea, Republic of",757.83,927.22
2014,881,Subarea,88,881,TOA,NOR,Norway,174.66,259.19
2014,881,Subarea,88,881,TOA,NZL,New Zealand,466.43,698.24
2014,881,Subarea,88,881,TOA,RUS,Russian Federation,246.64,267.74
2014,881,Subarea,88,881,TOA,UKR,Ukraine,78.36,104.32
2014,881,Subarea,88,881,TOP,NOR,Norway,0.02,0.04
2014,881,Subarea,88,881,TOP,NZL,New Zealand,0.89,1.43
2014,881,Subarea,88,881,TOP,UKR,Ukraine,1.13,1.54
2014,882,Subarea,88,882,TOA,GBR,United Kingdom,44.71,67.54
2014,882,Subarea,88,882,TOA,KOR,"Korea, Republic of",75.2,81.33
2014,882,Subarea,88,882,TOA,NOR,Norway,17.3,23.86
2014,882,Subarea,88,882,TOA,NZL,New Zealand,123.31,191.65
2014,882,Subarea,88,882,TOA,RUS,Russian Federation,41.5,42.33
2014,882,Subarea,88,882,TOA,UKR,Ukraine,9.41,13.27
2015,41,Area,41,,TOP,ARG,Argentina,2731.35,3918.58
2015,41,Area,41,,TOP,CHL,Chile,167.87,219.7
2015,41,Area,41,,TOP,ESP,Spain,13.84,23.53
2015,41,Area,41,,TOP,GBR,United Kingdom,791.75,1187.93
2015,41,Area,41,,TOP,KOR,"Korea, Republic of",1547.31,1720.21
2015,41,Area,41,,TOP,RUS,Russian Federation,11.21,14.91
2015,41,Area,41,,TOP,UKR,Ukraine,103.21,146.28
2015,41,Area,41,,TOP,URY,Uruguay,187.95,272.58
2015,47,Area,47,,TOA,JPN,Japan,0.22,0.33
2015,47,Area,47,,TOP,JPN,Japan,80.04,103.07
2015,482,Subarea,48,482,TOA,UKR,Ukraine,25.34,33.89
2015,482,Subarea,48,482,TOP,UKR,Ukraine,2.92,4.25
2015,483,Subarea,48,483,TOP,CHL,Chile,259.12,330.58
2015,483,Subarea,48,483,TOP,GBR,United Kingdom,786.12,1165.75
2015,483,Subarea,48,483,TOP,NZL,New Zealand,278.15,432.83
2015,483,Subarea,48,483,TOP,URY,Uruguay,210.39,314.84
2015,484,Subarea,48,484,TOA,GBR,United Kingdom,8.13,12.04
2015,484,Subarea,48,484,TOA,NZL,New Zealand,8.83,13.73
2015,484,Subarea,48,484,TOP,GBR,United Kingdom,13.95,20.95
2015,484,Subarea,48,484,TOP,NZL,New Zealand,15,23.6
2015,486,Subarea,48,486,TOA,JPN,Japan,95.71,139.3
2015,486,Subarea,48,486,TOA,ZAF,South Africa,29.53,34.95
2015,486,Subarea,48,486,TOP,JPN,Japan,0.07,0.13
2015,486,Subarea,48,486,TOP,ZAF,South Africa,0.29,0.45
2015,51,Area,51,,TOP,FRA,France,16.37,24.58
2015,51,Area,51,,TOP,ZAF,South Africa,130.72,174.86
2015,5841,Division,58,584,TOA,KOR,"Korea, Republic of",113.78,131.5
2015,5842,Division,58,584,TOA,KOR,"Korea, Republic of",11.47,12.16
2015,5843,Division,58,584,TOP,FRA,France,0.41,0.62
2015,5843,Division,58,584,TOP,JPN,Japan,11.73,13.64
2015,5844,Division,58,584,TOP,FRA,France,4.22,6.52
2015,5844,Division,58,584,TOP,JPN,Japan,23.21,26.65
2015,5851,Division,58,585,TOP,FRA,France,3214.61,4891.3
2015,5852,Division,58,585,TOA,AUS,Australia,0.11,0.19
2015,5852,Division,58,585,TOP,AUS,Australia,2835.21,4574.33
2015,586,Subarea,58,586,TOP,FRA,France,607.85,934.69
2015,587,Subarea,58,587,TOP,ZAF,South Africa,265.28,323.58
2015,81,Area,81,,TOP,AUS,Australia,96.27,142.44
2015,81,Area,81,,TOP,NZL,New Zealand,151.03,224.98
2015,87,Area,87,,TOP,CHL,Chile,2549.91,2858.78
2015,87,Area,87,,TOP,PER,Peru,187.87,206.66
2015,881,Subarea,88,881,TOA,ESP,Spain,196.63,296.91
2015,881,Subarea,88,881,TOA,GBR,United Kingdom,307.5,468.2
2015,881,Subarea,88,881,TOA,KOR,"Korea, Republic of",642.3,774.41
2015,881,Subarea,88,881,TOA,NOR,Norway,135.09,204.35
2015,881,Subarea,88,881,TOA,NZL,New Zealand,325.2,476.81
2015,881,Subarea,88,881,TOA,RUS,Russian Federation,450.92,518.15
2015,881,Subarea,88,881,TOP,NOR,Norway,0.03,0.06
2015,881,Subarea,88,881,TOP,NZL,New Zealand,0.27,0.42
2015,882,Subarea,88,882,TOA,AUS,Australia,153.23,229.3
2015,882,Subarea,88,882,TOA,GBR,United Kingdom,32.98,49.26
2015,882,Subarea,88,882,TOA,KOR,"Korea, Republic of",25.77,25.39
2015,882,Subarea,88,882,TOA,NOR,Norway,106.38,162.64
2015,882,Subarea,88,882,TOA,NZL,New Zealand,39.39,50.43
2015,882,Subarea,88,882,TOA,RUS,Russian Federation,53.53,53.89
2015,882,Subarea,88,882,TOA,UKR,Ukraine,134.22,187.02
2015,882,Subarea,88,882,TOP,GBR,United Kingdom,0.01,0.02
2016,41,Area,41,,TOP,ARG,Argentina,2942.9,4145.4
2016,41,Area,41,,TOP,CHL,Chile,110.44,153.98
2016,41,Area,41,,TOP,ESP,Spain,184.46,306.77
2016,41,Area,41,,TOP,GBR,United Kingdom,879.21,1317.17
2016,41,Area,41,,TOP,KOR,"Korea, Republic of",2043.09,2286.57
2016,41,Area,41,,TOP,UKR,Ukraine,140.08,199.76
2016,41,Area,41,,TOP,URY,Uruguay,556.68,734.08
2016,47,Area,47,,TOP,JPN,Japan,48.47,57.96
2016,481,Subarea,48,481,TOP,CHL,Chile,0,0
2016,482,Subarea,48,482,TOA,CHL,Chile,4.05,4.71
2016,482,Subarea,48,482,TOA,UKR,Ukraine,45.85,65.84
2016,482,Subarea,48,482,TOP,CHL,Chile,1.64,1.43
2016,482,Subarea,48,482,TOP,UKR,Ukraine,1.79,1.7
2016,483,Subarea,48,483,TOP,CHL,Chile,248.68,320.33
2016,483,Subarea,48,483,TOP,GBR,United Kingdom,790.55,1186.82
2016,483,Subarea,48,483,TOP,NZL,New Zealand,279.91,435.17
2016,483,Subarea,48,483,TOP,URY,Uruguay,218.99,325.23
2016,484,Subarea,48,484,TOA,GBR,United Kingdom,6.2,9.27
2016,484,Subarea,48,484,TOA,NZL,New Zealand,11.5,17.83
2016,484,Subarea,48,484,TOP,GBR,United Kingdom,14.36,21.64
2016,484,Subarea,48,484,TOP,NZL,New Zealand,15.62,24.66
2016,486,Subarea,48,486,TOA,JPN,Japan,87.26,122.57
2016,486,Subarea,48,486,TOA,ZAF,South Africa,78.75,94.16
2016,486,Subarea,48,486,TOP,JPN,Japan,5.03,6.13
2016,486,Subarea,48,486,TOP,ZAF,South Africa,2.36,2.87
2016,51,Area,51,,TOP,FRA,France,4.39,5.95
2016,51,Area,51,,TOP,ZAF,South Africa,74.93,94.54
2016,5841,Division,58,584,TOA,AUS,Australia,34.8,55.19
2016,5841,Division,58,584,TOA,ESP,Spain,84.69,127.95
2016,5841,Division,58,584,TOA,KOR,"Korea, Republic of",202.51,237.12
2016,5841,Division,58,584,TOP,AUS,Australia,0.29,0.49
2016,5841,Division,58,584,TOP,ESP,Spain,0.49,0.83
2016,5844,Division,58,584,TOA,JPN,Japan,0.02,0.03
2016,5844,Division,58,584,TOP,JPN,Japan,26.97,39.13
2016,5851,Division,58,585,TOP,FRA,France,4111.49,6208.15
2016,5852,Division,58,585,TOA,AUS,Australia,0.19,0.32
2016,5852,Division,58,585,TOP,AUS,Australia,1934.13,3072.34
2016,586,Subarea,58,586,TOP,FRA,France,788.4,1179.15
2016,587,Subarea,58,587,TOP,ZAF,South Africa,242.36,306.82
2016,81,Area,81,,TOA,NZL,New Zealand,20.35,30.99
2016,81,Area,81,,TOP,AUS,Australia,296.13,449.86
2016,87,Area,87,,TOP,CHL,Chile,3021.35,3434.25
2016,87,Area,87,,TOP,PER,Peru,160.38,176.41
2016,881,Subarea,88,881,TOA,ESP,Spain,170.26,255.66
2016,881,Subarea,88,881,TOA,GBR,United Kingdom,189.7,296.81
2016,881,Subarea,88,881,TOA,KOR,"Korea, Republic of",417.97,508.45
2016,881,Subarea,88,881,TOA,NZL,New Zealand,595.41,880.37
2016,881,Subarea,88,881,TOA,RUS,Russian Federation,330.75,449.84
2016,881,Subarea,88,881,TOA,UKR,Ukraine,145.26,211.27
2016,881,Subarea,88,881,TOP,ESP,Spain,0.02,0.04
2016,881,Subarea,88,881,TOP,NZL,New Zealand,2.24,3.34
2016,882,Subarea,88,882,TOA,ESP,Spain,10.89,16.17
2016,882,Subarea,88,882,TOA,GBR,United Kingdom,148.33,224.09
2016,882,Subarea,88,882,TOA,KOR,"Korea, Republic of",21.14,23.55
2016,882,Subarea,88,882,TOA,NZL,New Zealand,60.75,77.87
2016,882,Subarea,88,882,TOA,RUS,Russian Federation,45.36,64.28
2016,882,Subarea,88,882,TOA,UKR,Ukraine,140.91,206.96
2016,883,Subarea,88,883,TOA,KOR,"Korea, Republic of",102.38,112.42
2016,883,Subarea,88,883,TOP,KOR,"Korea, Republic of",0.26,0.29
2017,41,Area,41,,TOP,ARG,Argentina,1267.7,1874.5
2017,41,Area,41,,TOP,CHL,Chile,104.82,145.38
2017,41,Area,41,,TOP,ESP,Spain,195.21,308.93
2017,41,Area,41,,TOP,GBR,United Kingdom,319.71,479.6
2017,41,Area,41,,TOP,KOR,"Korea, Republic of",1948.7,2194.5
2017,41,Area,41,,TOP,UKR,Ukraine,205.82,255.39
2017,41,Area,41,,TOP,URY,Uruguay,352.63,522.19
2017,47,Area,47,,TOP,JPN,Japan,9.85,11.57
2017,482,Subarea,48,482,TOA,GBR,United Kingdom,5.83,8.41
2017,482,Subarea,48,482,TOA,NZL,New Zealand,1.36,2.14
2017,482,Subarea,48,482,TOA,UKR,Ukraine,67.12,68.99
2017,482,Subarea,48,482,TOP,GBR,United Kingdom,0.26,0.44
2017,482,Subarea,48,482,TOP,UKR,Ukraine,7.74,6.8
2017,483,Subarea,48,483,TOP,CHL,Chile,248.95,319.41
2017,483,Subarea,48,483,TOP,GBR,United Kingdom,807.9,1192.67
2017,483,Subarea,48,483,TOP,NZL,New Zealand,275.96,442.88
2017,483,Subarea,48,483,TOP,URY,Uruguay,218.54,326.42
2017,484,Subarea,48,484,TOA,GBR,United Kingdom,0.91,1.39
2017,484,Subarea,48,484,TOA,NZL,New Zealand,22.04,34.43
2017,484,Subarea,48,484,TOP,GBR,United Kingdom,6.2,9.34
2017,484,Subarea,48,484,TOP,NZL,New Zealand,14.63,23.27
2017,486,Subarea,48,486,TOA,JPN,Japan,71.6,83.91
2017,486,Subarea,48,486,TOA,ZAF,South Africa,73.84,105.98
2017,486,Subarea,48,486,TOP,JPN,Japan,0.37,0.58
2017,486,Subarea,48,486,TOP,ZAF,South Africa,0.91,1.49
2017,51,Area,51,,TOA,ZAF,South Africa,0.02,0.04
2017,51,Area,51,,TOP,ESP,Spain,4.06,5.51
2017,51,Area,51,,TOP,FRA,France,5.49,8.4
2017,51,Area,51,,TOP,ZAF,South Africa,36.11,45.73
2017,5841,Division,58,584,TOA,KOR,"Korea, Republic of",97.62,135.43
2017,5842,Division,58,584,TOA,FRA,France,10.52,16.52
2017,5842,Division,58,584,TOA,KOR,"Korea, Republic of",16.87,20.22
2017,5843a,Division,58,584,TOP,FRA,France,1.24,1.93
2017,5844b,Division,58,584,TOP,FRA,France,11.32,17.09
2017,5851,Division,58,585,TOP,FRA,France,2821.66,4109.99
2017,5852,Division,58,585,TOP,AUS,Australia,2325.3,3706.91
2017,586,Subarea,58,586,TOP,FRA,France,642.95,955.09
2017,587,Subarea,58,587,TOA,ZAF,South Africa,0.04,0.07
2017,587,Subarea,58,587,TOP,ZAF,South Africa,53.88,66.63
2017,81,Area,81,,TOA,NZL,New Zealand,20.12,29.89
2017,81,Area,81,,TOP,AUS,Australia,253.19,392.15
2017,81,Area,81,,TOP,CHL,Chile,0.39,0.43
2017,81,Area,81,,TOP,NZL,New Zealand,5.13,7.94
2017,87,Area,87,,TOP,CHL,Chile,2787.64,3322.01
2017,87,Area,87,,TOP,PER,Peru,154.22,167.19
2017,881,Subarea,88,881,TOA,KOR,"Korea, Republic of",218.89,316.71
2017,881,Subarea,88,881,TOA,UKR,Ukraine,14.22,18.28
2017,882,Subarea,88,882,TOA,UKR,Ukraine,3.05,3.84
2017,883,Subarea,88,883,TOA,KOR,"Korea, Republic of",110.41,123.37
2018,41,Area,41,,TOA,CHN,China,111.28,184.29
2018,41,Area,41,,TOP,ARG,Argentina,3419.01,4732.65
2018,41,Area,41,,TOP,CHL,Chile,183.28,245.94
2018,41,Area,41,,TOP,ESP,Spain,176.73,294.59
2018,41,Area,41,,TOP,GBR,United Kingdom,750.58,1134
2018,41,Area,41,,TOP,KOR,"Korea, Republic of",2331.14,2614.42
2018,41,Area,41,,TOP,UKR,Ukraine,99.24,136.1
2018,41,Area,41,,TOP,URY,Uruguay,309.23,422.91
2018,47,Area,47,,TOP,JPN,Japan,37.88,55.77
2018,482,Subarea,48,482,TOA,CHL,Chile,1.37,1.76
2018,482,Subarea,48,482,TOA,GBR,United Kingdom,0.82,1.19
2018,482,Subarea,48,482,TOA,NZL,New Zealand,2.45,3.9
2018,482,Subarea,48,482,TOA,UKR,Ukraine,52.8,63.24
2018,482,Subarea,48,482,TOP,CHL,Chile,0.13,0.18
2018,482,Subarea,48,482,TOP,NZL,New Zealand,0.37,0.59
2018,482,Subarea,48,482,TOP,UKR,Ukraine,1.9,2.35
2018,483,Subarea,48,483,TOP,CHL,Chile,217.45,294.29
2018,483,Subarea,48,483,TOP,GBR,United Kingdom,818.12,1193.8
2018,483,Subarea,48,483,TOP,NZL,New Zealand,258.12,413.07
2018,483,Subarea,48,483,TOP,URY,Uruguay,90.79,137.22
2018,484,Subarea,48,484,TOA,GBR,United Kingdom,13.05,19.33
2018,484,Subarea,48,484,TOA,NZL,New Zealand,10.46,16.37
2018,484,Subarea,48,484,TOP,GBR,United Kingdom,4.55,6.97
2018,484,Subarea,48,484,TOP,NZL,New Zealand,6.62,10.63
2018,486,Subarea,48,486,TOA,JPN,Japan,200.02,292.36
2018,486,Subarea,48,486,TOA,ZAF,South Africa,132.44,166.49
2018,486,Subarea,48,486,TOP,JPN,Japan,0.14,0.24
2018,486,Subarea,48,486,TOP,ZAF,South Africa,2.88,4.27
2018,51,Area,51,,TOP,ESP,Spain,195.94,284.19
2018,51,Area,51,,TOP,FRA,France,4.7,7.42
2018,51,Area,51,,TOP,JPN,Japan,9.33,10.68
2018,51,Area,51,,TOP,ZAF,South Africa,31.61,42.53
2018,57,Area,57,,TOP,ESP,Spain,208.44,306.3
2018,5841,Division,58,584,TOA,AUS,Australia,66.15,102.22
2018,5841,Division,58,584,TOA,ESP,Spain,82.58,122.88
2018,5841,Division,58,584,TOA,FRA,France,34.98,54.87
2018,5841,Division,58,584,TOP,AUS,Australia,0.04,0.07
2018,5841,Division,58,584,TOP,ESP,Spain,0.38,0.65
2018,5842,Division,58,584,TOA,AUS,Australia,19.39,31.12
2018,5842,Division,58,584,TOA,FRA,France,10.1,15.67
2018,5842,Division,58,584,TOP,AUS,Australia,0.08,0.14
2018,5843a,Division,58,584,TOA,JPN,Japan,0.15,0.22
2018,5843a,Division,58,584,TOP,FRA,France,1.79,2.75
2018,5843a,Division,58,584,TOP,JPN,Japan,7.74,9.03
2018,5844b,Division,58,584,TOP,FRA,France,1.45,1.87
2018,5844b,Division,58,584,TOP,JPN,Japan,12.79,14.65
2018,5851,Division,58,585,TOP,FRA,France,3748.43,5648.39
2018,5852,Division,58,585,TOP,AUS,Australia,2168.77,3546.85
2018,586,Subarea,58,586,TOP,FRA,France,835.48,1256.09
2018,587,Subarea,58,587,TOP,ZAF,South Africa,238.9,322.07
2018,81,Area,81,,TOP,AUS,Australia,320.29,505.4
2018,81,Area,81,,TOP,CHL,Chile,0.68,0.75
2018,81,Area,81,,TOP,NZL,New Zealand,2.01,3.14
2018,87,Area,87,,TOP,CHL,Chile,2477.9,2909.3
2018,87,Area,87,,TOP,ECU,Ecuador,60.79,60.79
2018,87,Area,87,,TOP,PER,Peru,170.79,188.67
2018,881,Subarea,88,881,TOA,AUS,Australia,66.49,103.34
2018,881,Subarea,88,881,TOA,ESP,Spain,121.24,179.53
2018,881,Subarea,88,881,TOA,GBR,United Kingdom,91.29,135.52
2018,881,Subarea,88,881,TOA,KOR,"Korea, Republic of",624.96,807.42
2018,881,Subarea,88,881,TOA,NOR,Norway,104.45,161.43
2018,881,Subarea,88,881,TOA,NZL,New Zealand,400.32,611.09
2018,881,Subarea,88,881,TOA,RUS,Russian Federation,299.82,436.49
2018,881,Subarea,88,881,TOA,UKR,Ukraine,199.99,284.03
2018,881,Subarea,88,881,TOP,KOR,"Korea, Republic of",0.02,0.03
2018,881,Subarea,88,881,TOP,NOR,Norway,0.11,0.19
2018,881,Subarea,88,881,TOP,NZL,New Zealand,0.03,0.05
2018,882,Subarea,88,882,TOA,AUS,Australia,32.27,50.26
2018,882,Subarea,88,882,TOA,GBR,United Kingdom,106.82,156.96
2018,882,Subarea,88,882,TOA,NOR,Norway,20.35,31.19
2018,882,Subarea,88,882,TOA,NZL,New Zealand,24.98,38.15
2018,882,Subarea,88,882,TOA,RUS,Russian Federation,0.32,0.39
2018,882,Subarea,88,882,TOA,UKR,Ukraine,241.29,344.06
2018,882,Subarea,88,882,TOA,URY,Uruguay,155.25,216.43
2018,882,Subarea,88,882,TOP,AUS,Australia,0.07,0.11
2018,883,Subarea,88,883,TOA,KOR,"Korea, Republic of",34.79,38.38
2018,883,Subarea,88,883,TOP,KOR,"Korea, Republic of",0.16,0.27
2019,41,Area,41,,TOP,ARG,Argentina,3093.8,4113.93
2019,41,Area,41,,TOP,CHL,Chile,39.2,48.97
2019,41,Area,41,,TOP,CHN,China,2.02,3.43
2019,41,Area,41,,TOP,ESP,Spain,143.08,234.05
2019,41,Area,41,,TOP,GBR,United Kingdom,800.92,1213.42
2019,41,Area,41,,TOP,KOR,"Korea, Republic of",1939.01,2218.24
2019,41,Area,41,,TOP,UKR,Ukraine,17.83,25.46
2019,41,Area,41,,TOP,URY,Uruguay,148.96,186.25
2019,47,Area,47,,TOP,JPN,Japan,24.32,35.78
2019,481,Subarea,48,481,TOA,UKR,Ukraine,5.58,7.87
2019,482,Subarea,48,482,TOA,GBR,United Kingdom,4.22,6.34
2019,482,Subarea,48,482,TOA,NZL,New Zealand,3.13,5.02
2019,482,Subarea,48,482,TOA,UKR,Ukraine,22.13,23.91
2019,482,Subarea,48,482,TOP,GBR,United Kingdom,0.03,0.05
2019,482,Subarea,48,482,TOP,NZL,New Zealand,0.2,0.33
2019,482,Subarea,48,482,TOP,UKR,Ukraine,0.7,0.81
2019,483,Subarea,48,483,TOP,CHL,Chile,258.15,310.37
2019,483,Subarea,48,483,TOP,GBR,United Kingdom,824.41,1192.2
2019,483,Subarea,48,483,TOP,NZL,New Zealand,255.2,407.81
2019,483,Subarea,48,483,TOP,URY,Uruguay,207.75,313.14
2019,484,Subarea,48,484,TOA,GBR,United Kingdom,30.03,44.72
2019,484,Subarea,48,484,TOA,NZL,New Zealand,10.39,16.38
2019,484,Subarea,48,484,TOP,GBR,United Kingdom,5.11,7.74
2019,484,Subarea,48,484,TOP,NZL,New Zealand,6.34,10.19
2019,486,Subarea,48,486,TOA,ESP,Spain,121.21,181.85
2019,486,Subarea,48,486,TOA,JPN,Japan,116.98,171.07
2019,486,Subarea,48,486,TOP,JPN,Japan,1.56,2.36
2019,51,Area,51,,TOP,ESP,Spain,36.39,53.61
2019,51,Area,51,,TOP,FRA,France,11.85,18.88
2019,51,Area,51,,TOP,ZAF,South Africa,55.23,73.97
2019,57,Area,57,,TOP,ESP,Spain,91.69,133.24
2019,5842,Division,58,584,TOA,AUS,Australia,22.77,35.89
2019,5842,Division,58,584,TOA,FRA,France,11.91,18.6
2019,5844b,Division,58,584,TOP,FRA,France,0.22,0.36
2019,5844b,Division,58,584,TOP,JPN,Japan,6.32,9.32
2019,5851,Division,58,585,TOP,FRA,France,3895.18,5845.19
2019,5852,Division,58,585,TOP,AUS,Australia,2345.75,3771.25
2019,586,Subarea,58,586,TOP,FRA,France,608.56,919.97
2019,587,Subarea,58,587,TOP,ZAF,South Africa,211.89,282.94
2019,81,Area,81,,TOA,NZL,New Zealand,26.52,39.61
2019,81,Area,81,,TOP,AUS,Australia,320.17,507.79
2019,81,Area,81,,TOP,NZL,New Zealand,0.05,0.08
2019,87,Area,87,,TOA,CHL,Chile,1.48,1.63
2019,87,Area,87,,TOP,CHL,Chile,3065.27,3663
2019,87,Area,87,,TOP,ECU,Ecuador,25.41,31.65
2019,87,Area,87,,TOP,PER,Peru,161.77,177.95
2019,881,Subarea,88,881,TOA,AUS,Australia,7.38,11.58
2019,881,Subarea,88,881,TOA,ESP,Spain,200.34,301.47
2019,881,Subarea,88,881,TOA,GBR,United Kingdom,450.1,688.9
2019,881,Subarea,88,881,TOA,KOR,"Korea, Republic of",553.64,637.77
2019,881,Subarea,88,881,TOA,NZL,New Zealand,515.72,779.86
2019,881,Subarea,88,881,TOA,RUS,Russian Federation,233.98,330.65
2019,881,Subarea,88,881,TOA,UKR,Ukraine,150.17,200.89
2019,881,Subarea,88,881,TOP,NZL,New Zealand,0.59,0.9
2019,882,Subarea,88,882,TOA,AUS,Australia,120.03,187.53
2019,882,Subarea,88,882,TOA,GBR,United Kingdom,92.01,133.79
2019,882,Subarea,88,882,TOA,KOR,"Korea, Republic of",91,100.97
2019,882,Subarea,88,882,TOA,RUS,Russian Federation,33.97,44.44
2019,882,Subarea,88,882,TOA,UKR,Ukraine,167.7,237.03
2019,882,Subarea,88,882,TOA,URY,Uruguay,147.72,218.6
2019,883,Subarea,88,883,TOA,KOR,"Korea, Republic of",57.64,65.36
2019,883,Subarea,88,883,TOA,RUS,Russian Federation,0.33,0.56
2019,883,Subarea,88,883,TOP,KOR,"Korea, Republic of",0.56,0.95
2020,41,Area,41,,TOP,ARG,Argentina,2597.62,3254.43
2020,41,Area,41,,TOP,ESP,Spain,96.2,160.02
2020,41,Area,41,,TOP,GBR,United Kingdom,554.74,842.55
2020,41,Area,41,,TOP,KOR,"Korea, Republic of",1822.96,2093.93
2020,41,Area,41,,TOP,UKR,Ukraine,29.92,44.94
2020,41,Area,41,,TOP,URY,Uruguay,21.28,24.81
2020,47,Area,47,,TOP,ESP,Spain,38.08,56.17
2020,47,Area,47,,TOP,JPN,Japan,17.11,24.8
2020,481,Subarea,48,481,TOA,UKR,Ukraine,10.81,15.3
2020,483,Subarea,48,483,TOP,CHL,Chile,234.71,345.02
2020,483,Subarea,48,483,TOP,GBR,United Kingdom,889.38,1281.7
2020,483,Subarea,48,483,TOP,NZL,New Zealand,217.64,346.66
2020,484,Subarea,48,484,TOA,GBR,United Kingdom,20.24,29.89
2020,484,Subarea,48,484,TOA,NZL,New Zealand,7.31,11.4
2020,484,Subarea,48,484,TOP,GBR,United Kingdom,1.62,2.38
2020,484,Subarea,48,484,TOP,NZL,New Zealand,11.57,18.56
2020,486,Subarea,48,486,TOA,ESP,Spain,93.92,139.54
2020,486,Subarea,48,486,TOA,JPN,Japan,102.77,150.46
2020,486,Subarea,48,486,TOA,ZAF,South Africa,55.09,81.82
2020,486,Subarea,48,486,TOP,ESP,Spain,2.26,3.85
2020,486,Subarea,48,486,TOP,JPN,Japan,3.32,4.93
2020,486,Subarea,48,486,TOP,ZAF,South Africa,0.36,0.55
2020,51,Area,51,,TOP,ESP,Spain,83.31,99.58
2020,51,Area,51,,TOP,FRA,France,3.74,5.81
2020,51,Area,51,,TOP,ZAF,South Africa,41.21,55.26
2020,57,Area,57,,TOP,ESP,Spain,78.41,94.22
2020,5842,Division,58,584,TOA,AUS,Australia,26.16,41.58
2020,5842,Division,58,584,TOA,FRA,France,12.71,19.92
2020,5844b,Division,58,584,TOP,FRA,France,0.24,0.41
2020,5851,Division,58,585,TOP,FRA,France,3810.18,5711.35
2020,5852,Division,58,585,TOP,AUS,Australia,2011.13,3354.99
2020,586,Subarea,58,586,TOP,FRA,France,515.34,796.9
2020,587,Subarea,58,587,TOP,ZAF,South Africa,192.84,258.43
2020,81,Area,81,,TOA,NZL,New Zealand,29.7,46.93
2020,81,Area,81,,TOP,AUS,Australia,367.42,609.11
2020,81,Area,81,,TOP,NZL,New Zealand,0.04,0.07
2020,87,Area,87,,TOP,CHL,Chile,1808.77,2216.61
2020,87,Area,87,,TOP,ECU,Ecuador,24.55,27.01
2020,87,Area,87,,TOP,PER,Peru,90.99,100.09
2020,881,Subarea,88,881,TOA,CHL,Chile,12.39,16.47
2020,881,Subarea,88,881,TOA,ESP,Spain,128.32,190.75
2020,881,Subarea,88,881,TOA,GBR,United Kingdom,342.93,517.47
2020,881,Subarea,88,881,TOA,KOR,"Korea, Republic of",882.55,1046.51
2020,881,Subarea,88,881,TOA,NZL,New Zealand,293.08,445.76
2020,881,Subarea,88,881,TOA,RUS,Russian Federation,204.13,329.85
2020,881,Subarea,88,881,TOA,UKR,Ukraine,218.55,314.12
2020,881,Subarea,88,881,TOA,URY,Uruguay,47.06,69.72
2020,881,Subarea,88,881,TOP,NZL,New Zealand,0.12,0.19
2020,882,Subarea,88,882,TOA,AUS,Australia,140.32,220.19
2020,882,Subarea,88,882,TOA,GBR,United Kingdom,141.47,205.6
2020,882,Subarea,88,882,TOA,KOR,"Korea, Republic of",2.81,4.09
2020,882,Subarea,88,882,TOA,NZL,New Zealand,8.47,12.68
2020,882,Subarea,88,882,TOA,UKR,Ukraine,131.19,191.04
2020,882,Subarea,88,882,TOA,URY,Uruguay,54.13,81.04
2020,883,Subarea,88,883,TOA,KOR,"Korea, Republic of",71.03,82.01
2020,883,Subarea,88,883,TOA,UKR,Ukraine,8.51,13.22
2020,883,Subarea,88,883,TOP,KOR,"Korea, Republic of",0.03,0.06
2021,41,Area,41,,TOP,ARG,Argentina,3475.3,4531.41
2021,41,Area,41,,TOP,ESP,Spain,50.71,82.56
2021,41,Area,41,,TOP,GBR,United Kingdom,749.02,1134.11
2021,41,Area,41,,TOP,KOR,"Korea, Republic of",2030,2345.08
2021,41,Area,41,,TOP,UKR,Ukraine,1.39,2.13
2021,41,Area,41,,TOP,URY,Uruguay,47.59,78.22
2021,47,Area,47,,TOP,CHL,Chile,3.35,3.68
2021,47,Area,47,,TOP,ESP,Spain,10.89,16.15
2021,47,Area,47,,TOP,JPN,Japan,3.73,5.51
2021,481,Subarea,48,481,TOA,UKR,Ukraine,10.92,15.32
2021,483,Subarea,48,483,TOP,GBR,United Kingdom,906.96,1295.03
2021,483,Subarea,48,483,TOP,NZL,New Zealand,229.08,366.86
2021,483,Subarea,48,483,TOP,URY,Uruguay,174,261.99
2021,484,Subarea,48,484,TOA,GBR,United Kingdom,15.35,22.92
2021,484,Subarea,48,484,TOA,NZL,New Zealand,11.62,18.48
2021,484,Subarea,48,484,TOP,GBR,United Kingdom,3.07,4.63
2021,484,Subarea,48,484,TOP,NZL,New Zealand,8.76,14.21
2021,486,Subarea,48,486,TOA,ESP,Spain,112.83,168.28
2021,486,Subarea,48,486,TOA,JPN,Japan,115.74,168.88
2021,486,Subarea,48,486,TOP,ESP,Spain,0.02,0.04
2021,486,Subarea,48,486,TOP,JPN,Japan,3.45,5
2021,51,Area,51,,TOP,ESP,Spain,10.48,14.66
2021,51,Area,51,,TOP,FRA,France,3.22,5.02
2021,51,Area,51,,TOP,ZAF,South Africa,5.84,7.7
2021,57,Area,57,,TOP,AUS,Australia,6.81,11.21
2021,57,Area,57,,TOP,ESP,Spain,23.67,33.72
2021,5842,Division,58,584,TOA,AUS,Australia,38.87,62.11
2021,5851,Division,58,585,TOP,FRA,France,3553.65,5463.55
2021,5852,Division,58,585,TOP,AUS,Australia,2089.52,3421.08
2021,586,Subarea,58,586,TOP,FRA,France,630.62,945.08
2021,587,Subarea,58,587,TOP,ZAF,South Africa,330.72,448.38
2021,81,Area,81,,TOA,NZL,New Zealand,16.96,27.57
2021,81,Area,81,,TOP,AUS,Australia,324.56,519.49
2021,81,Area,81,,TOP,NZL,New Zealand,0.01,0.02
2021,87,Area,87,,TOP,CHL,Chile,3295.59,3918.01
2021,87,Area,87,,TOP,ECU,Ecuador,15.49,17.88
2021,87,Area,87,,TOP,PER,Peru,163.65,180.33
2021,881,Subarea,88,881,TOA,AUS,Australia,79.61,125.48
2021,881,Subarea,88,881,TOA,ESP,Spain,127.8,193.37
2021,881,Subarea,88,881,TOA,GBR,United Kingdom,113.82,171.45
2021,881,Subarea,88,881,TOA,JPN,Japan,13.13,19.61
2021,881,Subarea,88,881,TOA,KOR,"Korea, Republic of",1142.24,1413.13
2021,881,Subarea,88,881,TOA,NZL,New Zealand,531.07,818.87
2021,881,Subarea,88,881,TOA,UKR,Ukraine,191.79,283.04
2021,881,Subarea,88,881,TOP,AUS,Australia,0.66,1.13
2021,881,Subarea,88,881,TOP,JPN,Japan,2.57,3.83
2021,881,Subarea,88,881,TOP,NZL,New Zealand,2.15,3.43
2021,881,Subarea,88,881,TOP,UKR,Ukraine,0.48,0.82
2021,882,Subarea,88,882,TOA,GBR,United Kingdom,220.62,330.76
2021,882,Subarea,88,882,TOA,KOR,"Korea, Republic of",31.34,33.05
2021,882,Subarea,88,882,TOA,UKR,Ukraine,312,446.24
2021,882,Subarea,88,882,TOP,GBR,United Kingdom,0.58,0.98
